From,To,"Rtotal, p.u.","Xtotal, p.u.","Fmax, MVA"
1,2,0.01938,0.05917,95
1,5,0.05403,0.22304,100
2,3,0.04699,0.19797,9999
2,4,0.05811,0.17632,9999
2,5,0.05695,0.17388,9999
3,4,0.6701,0.17103,9999
4,5,0.01335,0.04211,9999
4,7,0,0.55618,9999
5,6,0,0.25202,9999
6,9,0.09498,0.1989,9999
6,10,0.12291,0.25581,9999
6,11,0.06615,0.13027,9999
7,8,0.03181,0.0845,9999
7,12,0.12711,0.27038,9999
8,9,0.08205,0.19207,9999
10,11,0.22092,0.19988,9999
11,12,0.17093,0.34802,9999
